{"columns":["x","y","z"],"index":[0,1,2],"data":[[-3.6424154639,1.1908850468,1.0135812812],[1.533206569,-1.245549832,-1.11832532],[3.1092088949,1.0546647853,1.1047440387]]}