{"columns":["x","y","z"],"index":[0,1,2],"data":[[-2.6424154639,0.1908850468,0.0135812812],[0.533206569,-0.245549832,-0.11832532],[2.1092088949,0.0546647853,0.1047440387]]}